Workbook

Sheet ClassSE20xx
A1: No. | B1: Enrollment | C1: Student Name | D1: Total | E1: LOCs | F1: =Rubrics!C6 -> Decomposition | G1: =Rubrics!C7 -> Pattern Recognition | H1: =Rubrics!C8 -> Abstraction | I1: =Rubrics!C9 -> Algorithm Design | J1: =Rubrics!C10 -> AI REFLECTION & Audit Log, For CT | K1: =Rubrics!C11 -> Định nghĩa class rõ ràng (Employee, …) | L1: =Rubrics!C12 -> Encapsulation (private + getter/setter) | M1: =Rubrics!C13 -> Constructor, toString(), equals() override | N1: =Rubrics!C14 -> Kế thừa / interface / polymorphism | O1: =Rubrics!C15 -> AI REFLECTION & Audit Log, For OOP | P1: =Rubrics!C16 -> Display dataLiệt kê Employee (table format) | Q1: =Rubrics!C17 -> Thêm Employee (validation đúng) | R1: =Rubrics!C18 -> Tìm kiếm & cập nhật Employee | S1: =Rubrics!C19 -> Lọc Employee theo Attribute | T1: =Rubrics!C20 -> Tính tiền dựa theo Payroll | U1: =Rubrics!C21 -> Xóa Employee | V1: =Rubrics!C22 -> Lưu dữ liệu vào file (txt/csv) | W1: =Rubrics!C23 -> AI REFLECTION & Audit Log, For Functional Requirements | X1: =Rubrics!C24 -> Đặt tên biến, class theo chuẩn | Y1: =Rubrics!C25 -> Code rõ ràng, có comment | Z1: =Rubrics!C26 -> Báo cáo (trình bày) ngắn gọn, dễ hiểu
A2: Cho điểm theo dòng màu xanh trang tính sẽ chuyển thành LOCs. KHÔNG SỬA GIÁ TRỊ DÒNG 2 VÀ 3 | D2: =SUM(F2:Z2) -> 100 | F2: =Rubrics!D6 -> 5 | G2: =Rubrics!D7 -> 3 | H2: =Rubrics!D8 -> 6 | I2: =Rubrics!D9 -> 6 | J2: =Rubrics!D10 -> 10 | K2: =Rubrics!D11 -> 6 | L2: =Rubrics!D12 -> 4 | M2: =Rubrics!D13 -> 5 | N2: =Rubrics!D14 -> 10 | O2: =Rubrics!D15 -> 10 | P2: =Rubrics!D16 -> 2 | Q2: =Rubrics!D17 -> 2.5 | R2: =Rubrics!D18 -> 2.5 | S2: =Rubrics!D19 -> 2 | T2: =Rubrics!D20 -> 2 | U2: =Rubrics!D21 -> 2 | V2: =Rubrics!D22 -> 2 | W2: =Rubrics!D23 -> 10 | X2: =Rubrics!D24 -> 4 | Y2: =Rubrics!D25 -> 4 | Z2: =Rubrics!D26 -> 2
E3: 450 | F3: =(F2*$E$3)/$D$2 -> 22.5 | G3: =(G2*$E$3)/$D$2 -> 13.5 | H3: =(H2*$E$3)/$D$2 -> 27 | I3: =(I2*$E$3)/$D$2 -> 27 | J3: =(J2*$E$3)/$D$2 -> 45 | K3: =(K2*$E$3)/$D$2 -> 27 | L3: =(L2*$E$3)/$D$2 -> 18 | M3: =(M2*$E$3)/$D$2 -> 22.5 | ... S3: =(S2*$E$3)/$D$2 -> 9 | T3: 2 | U3: =(U2*$E$3)/$D$2 -> 9 | V3: =(V2*$E$3)/$D$2 -> 9 | W3: =(W2*$E$3)/$D$2 -> 45 | X3: =(X2*$E$3)/$D$2 -> 18 | Y3: =(Y2*$E$3)/$D$2 -> 18 | Z3: =(Z2*$E$3)/$D$2 -> 9
A4: 1 | B4: SE1678953 | C4: Nguyễn Văn A | D4: =SUM(F4:Z4) -> 78.5 | E4: {=SUMPRODUCT(F4:Z4 / $F$2:$Z$2, $F$3:$Z$3)} -> 346.25 | F4: 4 | G4: 3 | H4: 4 | I4: 4 | J4: 8 | K4: 5 | L4: 3 | M4: 4 | N4: 8 | O4: 8 | P4: 2 | Q4: 2.5 | R4: 2 | S4: 2 | T4: 2 | U4: 2 | V4: 2 | W4: 6 | X4: 3 | Y4: 2 | Z4: 2
A5: 2 | B5: SE1678954 | C5: Lê Thành B | D5: =SUM(F5:Z5) -> 64.5 | E5: {=SUMPRODUCT(F5:Z5 / $F$2:$Z$2, $F$3:$Z$3)} -> 290.25 | F5: 3 | G5: 2 | H5: 4 | I5: 4 | J5: 6 | K5: 5 | L5: 3 | M5: 4 | N5: 8 | O5: 7 | P5: 2 | Q5: 2.5 | R5: 2.5 | S5: 1.5 | T5: 0 | U5: 0 | V5: 0 | W5: 8 | X5: 1 | Y5: 1 | Z5: 0
A6: 3 | B6: SE1678955 | C6: Nguyễn Thị C | D6: =SUM(F6:Z6) -> 12 | E6: {=SUMPRODUCT(F6:Z6 / $F$2:$Z$2, $F$3:$Z$3)} -> 54 | F6: 0 | G6: 0 | H6: 0 | I6: 0 | J6: 6 | K6: 0 | L6: 0 | M6: 0 | N6: 0 | O6: 6 | P6: 0 | Q6: 0 | R6: 0 | S6: 0 | T6: 0 | U6: 0 | V6: 0 | W6: 0 | X6: 0 | Y6: 0 | Z6: 0
A7: 4 | B7: SE1678956 | C7: Trần Văn D | D7: =SUM(F7:Z7) -> 100 | E7: {=SUMPRODUCT(F7:Z7 / $F$2:$Z$2, $F$3:$Z$3)} -> 443 | F7: 5 | G7: 3 | H7: 6 | I7: 6 | J7: 10 | K7: 6 | L7: 4 | M7: 5 | N7: 10 | O7: 10 | P7: 2 | Q7: 2.5 | R7: 2.5 | S7: 2 | T7: 2 | U7: 2 | V7: 2 | W7: 10 | X7: 4 | Y7: 4 | Z7: 2
A8: 5 | B8: SE1678957 | C8: Lý Văn E | D8: =SUM(F8:Z8) -> 46 | E8: {=SUMPRODUCT(F8:Z8 / $F$2:$Z$2, $F$3:$Z$3)} -> 200 | F8: 2 | G8: 2 | H8: 2 | I8: 2 | J8: 3 | K8: 2 | L8: 2 | M8: 2 | N8: 2 | O8: 3 | P8: 2 | Q8: 2 | R8: 2 | S8: 2 | T8: 2 | U8: 2 | V8: 2 | W8: 4 | X8: 2 | Y8: 2 | Z8: 2
A9: 6 | B9: SE1678958 | C9: Mai Văn G | D9: =SUM(F9:Z9) -> 66 | E9: {=SUMPRODUCT(F9:Z9 / $F$2:$Z$2, $F$3:$Z$3)} -> 293.5 | F9: 3 | G9: 3 | H9: 4 | I9: 3 | J9: 5 | K9: 4 | L9: 4 | M9: 4 | N9: 6 | O9: 6 | P9: 2 | Q9: 2 | R9: 1.5 | S9: 2 | T9: 1 | U9: 1 | V9: 1.5 | W9: 6 | X9: 3 | Y9: 2 | Z9: 2
A10: 7 | D10: =SUM(F10:Z10) -> 0 | E10: {=SUMPRODUCT(F10:Z10 / $F$2:$Z$2, $F$3:$Z$3)} -> 0
A11: 8 | D11: =SUM(F11:Z11) -> 0 | E11: {=SUMPRODUCT(F11:Z11 / $F$2:$Z$2, $F$3:$Z$3)} -> 0
A12: 9 | D12: =SUM(F12:Z12) -> 0 | E12: {=SUMPRODUCT(F12:Z12 / $F$2:$Z$2, $F$3:$Z$3)} -> 0
A13: 10 | D13: =SUM(F13:Z13) -> 0 | E13: {=SUMPRODUCT(F13:Z13 / $F$2:$Z$2, $F$3:$Z$3)} -> 0
A14: 11 | D14: =SUM(F14:Z14) -> 0 | E14: {=SUMPRODUCT(F14:Z14 / $F$2:$Z$2, $F$3:$Z$3)} -> 0
A15: 12 | D15: =SUM(F15:Z15) -> 0 | E15: {=SUMPRODUCT(F15:Z15 / $F$2:$Z$2, $F$3:$Z$3)} -> 0
A16: 13 | D16: =SUM(F16:Z16) -> 0 | E16: {=SUMPRODUCT(F16:Z16 / $F$2:$Z$2, $F$3:$Z$3)} -> 0
A17: 14 | D17: =SUM(F17:Z17) -> 0 | E17: {=SUMPRODUCT(F17:Z17 / $F$2:$Z$2, $F$3:$Z$3)} -> 0
A18: 15 | D18: =SUM(F18:Z18) -> 0 | E18: {=SUMPRODUCT(F18:Z18 / $F$2:$Z$2, $F$3:$Z$3)} -> 0
A19: 16 | D19: =SUM(F19:Z19) -> 0 | E19: {=SUMPRODUCT(F19:Z19 / $F$2:$Z$2, $F$3:$Z$3)} -> 0
A20: 17 | D20: =SUM(F20:Z20) -> 0 | E20: {=SUMPRODUCT(F20:Z20 / $F$2:$Z$2, $F$3:$Z$3)} -> 0
A21: 18 | D21: =SUM(F21:Z21) -> 0 | E21: {=SUMPRODUCT(F21:Z21 / $F$2:$Z$2, $F$3:$Z$3)} -> 0
... A38: 35 | D38: =SUM(F38:Z38) -> 0 | E38: {=SUMPRODUCT(F38:Z38 / $F$2:$Z$2, $F$3:$Z$3)} -> 0

Sheet Rubrics
A3: Rubric đánh giá Employee Payroll Management System Project - 450LOC
A5: Stt | B5: Hạng mục | C5: Tiêu chí | D5: Điểm tối đa (Thang 100) | E5: Điểm đạt | F5: Nhận xét | G5: 450 LOCs | J5: AI REFLECTION — AI Audit Log (30%)
A6: 1 | B6: Computational Thinking (CT) | C6: Decomposition | D6: 5 | G6: =D6*$G$27/$D$27 -> 22.5 | J6: Criteria | K6: Weight | L6: Excellent (9 - 10) | M6: Good (7-8) | N6: Average (5 - 6) | O6: Poor (0 - 4)
A7: 2 | B7: Computational Thinking (CT) | C7: Pattern Recognition | D7: 3 | G7: =D7*$G$27/$D$27 -> 13.5 | J7: AI Usage Documentation | K7: 0.1 | L7: Ghi log đầy đủ các lần sử dụng AI; có prompt, kết quả AI, quyết định sử dụng/chỉnh sửa; thể hiện rõ mục tiêu học tập của sinh viên | M7: Có ghi nhận phần lớn quá trình dùng AI nhưng chưa đầy đủ nhưng lập luận chưa thuyết phục (hoặc không nhất quán) | N7: Có sử dụng AI nhưng ghi nhận log sơ sài, thiếu prompt hoặc thiếu giải thích (Sử dụng một cách mù quáng, lệ thuộc) | O7: Không có AI Log hoặc chỉ copy output AI mà không giải thích
A8: 3 | B8: Computational Thinking (CT) | C8: Abstraction | D8: 6 | G8: =D8*$G$27/$D$27 -> 27 | J8: Critical Thinking & Reflection on AI Output | K8: 0.1 | L8: Sinh viên phân tích đúng/sai dựa trên kết quả hỗ trợ của AI; phát hiện lỗi; giải thích lý do chỉnh sửa; chứng minh mình hiểu rõ mã nguồn | M8: Có phản biện kết quả của AI, nhưng chiều sâu phân tích chưa cao | N8: Chỉ mô tả AI hỗ trợ gì, ít phân tích đúng/sai | O8: Chấp nhận output AI một cách thụ động; không chứng minh được hiểu biết
A9: 4 | B9: Computational Thinking (CT) | C9: Algorithm Design | D9: 6 | G9: =D9*$G$27/$D$27 -> 27 | J9: Effective AI-assisted Learning Process | K9: 0.1 | L9: Sử dụng AI đúng vai trò: phân tích yêu cầu, thiết kế class, debug, refactor, giải thích thuật toán; có iterative prompting | M9: Sử dụng AI hợp lý nhưng chưa đa dạng hoặc thiếu chiều sâu | N9: Dùng AI chủ yếu để generate code cho xong việc, đạt điểm bài làm | O9: Lạm dụng AI; không thể giải thích sản phẩm hoặc quá trình học tập của mình
A10: 8 | B10: AI REFLECTION - CT | C10: AI REFLECTION & Audit Log, For CT | D10: 10 | G10: =D10*$G$27/$D$27 -> 45
A11: 9 | B11: Áp dụng OOP | C11: Định nghĩa class rõ ràng (Employee, …) | D11: 6 | G11: =D11*$G$27/$D$27 -> 27
A12: 10 | B12: Áp dụng OOP | C12: Encapsulation (private + getter/setter) | D12: 4 | G12: =D12*$G$27/$D$27 -> 18
A13: 11 | B13: Áp dụng OOP | C13: Constructor, toString(), equals() override | D13: 5 | G13: =D13*$G$27/$D$27 -> 22.5
A14: 12 | B14: Áp dụng OOP | C14: Kế thừa / interface / polymorphism | D14: 10 | G14: =D14*$G$27/$D$27 -> 45
A15: 13 | B15: AI REFLECTION - OOP | C15: AI REFLECTION & Audit Log, For OOP | D15: 10 | G15: =D15*$G$27/$D$27 -> 45
A16: 14 | B16: Chức năng cơ bản (CRUD + File I/O) | C16: Display dataLiệt kê Employee (table format) | D16: 2 | G16: =D16*$G$27/$D$27 -> 9
A17: 15 | B17: Chức năng cơ bản (CRUD + File I/O) | C17: Thêm Employee (validation đúng) | D17: 2.5 | G17: =D17*$G$27/$D$27 -> 11.25
A18: 16 | B18: Chức năng cơ bản (CRUD + File I/O) | C18: Tìm kiếm & cập nhật Employee | D18: 2.5 | G18: =D18*$G$27/$D$27 -> 11.25
A19: 17 | B19: Chức năng cơ bản (CRUD + File I/O) | C19: Lọc Employee theo Attribute | D19: 2 | G19: =D19*$G$27/$D$27 -> 9
A20: 18 | B20: Chức năng cơ bản (CRUD + File I/O) | C20: Tính tiền dựa theo Payroll | D20: 2 | G20: =D20*$G$27/$D$27 -> 9
A21: 19 | B21: Chức năng cơ bản (CRUD + File I/O) | C21: Xóa Employee | D21: 2 | G21: =D21*$G$27/$D$27 -> 9
... A26: 24 | B26: Code style & báo cáo | C26: Báo cáo (trình bày) ngắn gọn, dễ hiểu | D26: 2 | G26: =D26*$G$27/$D$27 -> 9
D27: =SUM(D6:D26) -> 100 | G27: 450
